{
    "acc_1": 0.057692307692307696,
    "acc_5": 0.1346153846153846,
    "ndcg_5": 0.09985646279262131
}