{
    "acc_1": 0.07692307692307693,
    "acc_5": 0.34615384615384615,
    "ndcg_5": 0.17916666666666667
}