{
    "acc_1": 0.057692307692307696,
    "acc_5": 0.38461538461538464,
    "ndcg_5": 0.1637820512820513
}