{
    "acc_1": 0.09615384615384616,
    "acc_5": 0.34615384615384615,
    "ndcg_5": 0.21818033378150342
}