{
    "acc_1": 0.038461538461538464,
    "acc_5": 0.11538461538461539,
    "ndcg_5": 0.07115384615384615
}