{
    "acc_1": 0.11538461538461539,
    "acc_5": 0.3076923076923077,
    "ndcg_5": 0.19775641025641025
}