{
    "acc_1": 0.19230769230769232,
    "acc_5": 0.34615384615384615,
    "ndcg_5": 0.28048702549866694
}