{
    "acc_1": 0.19230769230769232,
    "acc_5": 0.4230769230769231,
    "ndcg_5": 0.3340558432184505
}