{
    "acc_1": 0.21153846153846154,
    "acc_5": 0.4423076923076923,
    "ndcg_5": 0.3435570652669153
}