{
    "acc_1": 0.09615384615384616,
    "acc_5": 0.3076923076923077,
    "ndcg_5": 0.18653846153846151
}