{
    "acc_1": 0.09615384615384616,
    "acc_5": 0.36538461538461536,
    "ndcg_5": 0.22948124727530542
}