{
    "acc_1": 0.038461538461538464,
    "acc_5": 0.40384615384615385,
    "ndcg_5": 0.18076923076923077
}