{
    "acc_1": 0.11538461538461539,
    "acc_5": 0.28846153846153844,
    "ndcg_5": 0.17852564102564103
}